name,color,price
Комо,Дымчато-серый шенилл Lounge,59990
Комо,Бежевый шенилл Lounge,59990
Комо,Темно-бежевый шенилл Lounge,59990
Комо,Лазурный шенилл Lounge,64990
Комо,Бежевый велюр Triniti с грязеотталкивающей технологией,64990
Комо,Шенилл Lounge цвета фламинго,64990
Комо,Лимонный шенилл Lounge,64990
Комо,Дымчато-серый велюр Triniti с грязеотталкивающей технологией,64990
Эланд мини,Бежевый микровелюр Velutto,46990
Эланд мини,Дымчато-серый микровелюр Velutto,46990
Эланд мини,Микровелюр Velutto цвета какао,46990
Эланд мини,Лазурный микровелюр Velutto,46990
Эланд мини,Мятный микровелюр Velutto,49990
Эланд мини,Горчичный микровелюр Velutto,49990
Эланд мини,Лавандовый микровелюр Velutto,49990
Эланд мини,Цитрусовый микровелюр Velutto,49990
Эланд мини,Сиреневый микровелюр Velutto,49990
Эланд,Бежевый велюр Triniti с грязеотталкивающей технологией,49990
Эланд,Черно-белый микровелюр Trance,58990
Эланд,Дымчато-серый велюр Triniti с грязеотталкивающей технологией,49990
Эланд,Велюр Triniti цвета какао с грязеотталкивающей технологией,49990
Эланд,Лазурный велюр Triniti с грязеотталкивающей технологией,56990
Эланд,Искусственный мех Eskimo белого цвета,63990
Эланд,Велюр Triniti цитрусового цвета  с грязеотталкивающей технологией,52990
Эланд,Горчичный велюр Triniti с грязеотталкивающей технологией,52990
Эланд,Мятный велюр Triniti с грязеотталкивающей технологией,52990
Эланд,Сиреневый велюр Triniti с грязеотталкивающей технологией,52990
Эланд,Лавандовый велюр Triniti с грязеотталкивающей технологией,52990
Комо XS,Бежевый шенилл Lounge,54990
Комо XS,Дымчато-серый шенилл Lounge,54990
Комо XS,Темно-бежевый шенилл Lounge,54990
Комо XS,Лазурный шенилл Lounge,58990
Комо XS,Лимонный шенилл Lounge,58990
Комо XS,Шенилл Lounge цвета фламинго,58990
Тренто,Бежевый микровелюр Velutto,39990
Тренто,Дымчато-серый микровелюр Velutto,39990
Тренто,Микровелюр Velutto цвета какао,39990
Тренто,Лазурный микровелюр Velutto,43990
Тренто,Мятный микровелюр Velutto,43990
Тренто,Цитрусовый микровелюр Velutto,43990
Тренто,Сиреневый микровелюр Velutto,43990
Комо мини,Бежевый шенилл Lounge,56990
Комо мини,Дымчато-серый шенилл Lounge,56990
Комо мини,Лазурный шенилл Lounge,59990
Комо мини,Темно-бежевый шенилл Lounge,56990
Комо мини,Лимонный шенилл Lounge,59990
Комо мини,Искусственный мех Eskimo белого цвета,79990
Комо мини,Шенилл Lounge цвета фламинго,59990
Тьерн,Серый микровелюр Sensey,30990
Тьерн,Бежевый микровелюр Sensey,30990
Тьерн,Мятный микровелюр Sensey,36990
Тьерн,Бирюзовый микровелюр Sensey,36990
Тьерн,Пудровый микровелюр Sensey,30990
Тьерн,Синий микровелюр Sensey,36990
Одда Сталь,Бежевый микровелюр Velutto,52990
Одда Сталь,Дымчато-серый микровелюр Velutto,52990
Одда Сталь,Микровелюр Velutto цвета какао,52990
Одда Сталь,Мятный микровелюр Velutto,55990
Одда Сталь,Лазурный микровелюр Velutto,55990
Одда Сталь,Горчичный микровелюр Velutto,55990
Одда Сталь,Сиреневый микровелюр Velutto,55990
Одда Сталь,Цитрусовый микровелюр Velutto,55990
Вишера,Бежевый велюр Ultra,57990
Вишера,Серый велюр Ultra,57990
Вишера,Коралловый велюр Ultra,57990
Вишера,Горчичный велюр Ultra,57990
